[
    {
      "inputs": [
        {
          "internalType": "address",
          "name": "target",
          "type": "address"
        }
      ],
      "name": "AddressEmptyCode",
      "type": "error"
    },
    {
      "inputs": [
        {
          "internalType": "address",
          "name": "implementation",
          "type": "address"
        }
      ],
      "name": "ERC1967InvalidImplementation",
      "type": "error"
    },
    {
      "inputs": [],
      "name": "ERC1967NonPayable",
      "type": "error"
    },
    {
      "inputs": [],
      "name": "FailedCall",
      "type": "error"
    },
    {
      "inputs": [
        {
          "internalType": "string",
          "name": "huggingFaceID",
          "type": "string"
        }
      ],
      "name": "HFModelAlreadySubmitted",
      "type": "error"
    },
    {
      "inputs": [
        {
          "internalType": "address",
          "name": "admin",
          "type": "address"
        }
      ],
      "name": "InvalidAdminAddress",
      "type": "error"
    },
    {
      "inputs": [],
      "name": "InvalidInitialization",
      "type": "error"
    },
    {
      "inputs": [
        {
          "internalType": "uint256",
          "name": "numSessions",
          "type": "uint256"
        }
      ],
      "name": "InvalidNumSessions",
      "type": "error"
    },
    {
      "inputs": [
        {
          "internalType": "address",
          "name": "owner",
          "type": "address"
        }
      ],
      "name": "InvalidOwnerAddress",
      "type": "error"
    },
    {
      "inputs": [
        {
          "internalType": "address",
          "name": "user",
          "type": "address"
        }
      ],
      "name": "InvalidUserAddress",
      "type": "error"
    },
    {
      "inputs": [],
      "name": "NotInitializing",
      "type": "error"
    },
    {
      "inputs": [],
      "name": "OnlyAdmin",
      "type": "error"
    },
    {
      "inputs": [],
      "name": "OnlyOwner",
      "type": "error"
    },
    {
      "inputs": [
        {
          "internalType": "string",
          "name": "trainingID",
          "type": "string"
        }
      ],
      "name": "TrainingIDAlreadySubmitted",
      "type": "error"
    },
    {
      "inputs": [
        {
          "internalType": "string",
          "name": "trainingID",
          "type": "string"
        },
        {
          "internalType": "string",
          "name": "huggingFaceID",
          "type": "string"
        }
      ],
      "name": "TrainingRunNotRejected",
      "type": "error"
    },
    {
      "inputs": [
        {
          "internalType": "string",
          "name": "trainingID",
          "type": "string"
        },
        {
          "internalType": "string",
          "name": "huggingFaceID",
          "type": "string"
        }
      ],
      "name": "TrainingRunNotSubmitted",
      "type": "error"
    },
    {
      "inputs": [],
      "name": "UUPSUnauthorizedCallContext",
      "type": "error"
    },
    {
      "inputs": [
        {
          "internalType": "bytes32",
          "name": "slot",
          "type": "bytes32"
        }
      ],
      "name": "UUPSUnsupportedProxiableUUID",
      "type": "error"
    },
    {
      "anonymous": false,
      "inputs": [
        {
          "indexed": true,
          "internalType": "address",
          "name": "user",
          "type": "address"
        },
        {
          "indexed": false,
          "internalType": "string",
          "name": "trainingID",
          "type": "string"
        },
        {
          "indexed": false,
          "internalType": "string",
          "name": "huggingFaceID",
          "type": "string"
        },
        {
          "indexed": false,
          "internalType": "uint256",
          "name": "numSessions",
          "type": "uint256"
        },
        {
          "indexed": false,
          "internalType": "bool",
          "name": "telemetryEnabled",
          "type": "bool"
        }
      ],
      "name": "HFUploadRejected",
      "type": "event"
    },
    {
      "anonymous": false,
      "inputs": [
        {
          "indexed": true,
          "internalType": "address",
          "name": "user",
          "type": "address"
        },
        {
          "indexed": false,
          "internalType": "string",
          "name": "trainingID",
          "type": "string"
        },
        {
          "indexed": false,
          "internalType": "string",
          "name": "huggingFaceID",
          "type": "string"
        },
        {
          "indexed": false,
          "internalType": "uint256",
          "name": "numSessions",
          "type": "uint256"
        },
        {
          "indexed": false,
          "internalType": "bool",
          "name": "telemetryEnabled",
          "type": "bool"
        }
      ],
      "name": "HFUploadSubmitted",
      "type": "event"
    },
    {
      "anonymous": false,
      "inputs": [
        {
          "indexed": true,
          "internalType": "address",
          "name": "user",
          "type": "address"
        },
        {
          "indexed": false,
          "internalType": "string",
          "name": "trainingID",
          "type": "string"
        },
        {
          "indexed": false,
          "internalType": "string",
          "name": "huggingFaceID",
          "type": "string"
        },
        {
          "indexed": false,
          "internalType": "uint256",
          "name": "numSessions",
          "type": "uint256"
        },
        {
          "indexed": false,
          "internalType": "bool",
          "name": "telemetryEnabled",
          "type": "bool"
        }
      ],
      "name": "HFUploadVerified",
      "type": "event"
    },
    {
      "anonymous": false,
      "inputs": [
        {
          "indexed": false,
          "internalType": "uint64",
          "name": "version",
          "type": "uint64"
        }
      ],
      "name": "Initialized",
      "type": "event"
    },
    {
      "anonymous": false,
      "inputs": [
        {
          "indexed": true,
          "internalType": "address",
          "name": "implementation",
          "type": "address"
        }
      ],
      "name": "Upgraded",
      "type": "event"
    },
    {
      "inputs": [],
      "name": "ADMIN_ROLE",
      "outputs": [
        {
          "internalType": "bytes32",
          "name": "",
          "type": "bytes32"
        }
      ],
      "stateMutability": "view",
      "type": "function"
    },
    {
      "inputs": [],
      "name": "BLOCK_ASSIST_STORAGE_LOCATION",
      "outputs": [
        {
          "internalType": "bytes32",
          "name": "",
          "type": "bytes32"
        }
      ],
      "stateMutability": "view",
      "type": "function"
    },
    {
      "inputs": [],
      "name": "OWNER_ROLE",
      "outputs": [
        {
          "internalType": "bytes32",
          "name": "",
          "type": "bytes32"
        }
      ],
      "stateMutability": "view",
      "type": "function"
    },
    {
      "inputs": [],
      "name": "UPGRADE_INTERFACE_VERSION",
      "outputs": [
        {
          "internalType": "string",
          "name": "",
          "type": "string"
        }
      ],
      "stateMutability": "view",
      "type": "function"
    },
    {
      "inputs": [
        {
          "internalType": "address",
          "name": "newAdmin",
          "type": "address"
        }
      ],
      "name": "changeAdmin",
      "outputs": [],
      "stateMutability": "nonpayable",
      "type": "function"
    },
    {
      "inputs": [
        {
          "internalType": "address",
          "name": "newOwner",
          "type": "address"
        }
      ],
      "name": "changeOwner",
      "outputs": [],
      "stateMutability": "nonpayable",
      "type": "function"
    },
    {
      "inputs": [
        {
          "internalType": "string",
          "name": "huggingFaceModelID",
          "type": "string"
        }
      ],
      "name": "getModelUploader",
      "outputs": [
        {
          "internalType": "address",
          "name": "",
          "type": "address"
        }
      ],
      "stateMutability": "view",
      "type": "function"
    },
    {
      "inputs": [
        {
          "internalType": "string",
          "name": "trainingID",
          "type": "string"
        },
        {
          "internalType": "string",
          "name": "huggingFaceID",
          "type": "string"
        }
      ],
      "name": "getRejectedUploadStats",
      "outputs": [
        {
          "internalType": "address",
          "name": "user",
          "type": "address"
        },
        {
          "internalType": "uint256",
          "name": "numSessions",
          "type": "uint256"
        },
        {
          "internalType": "bool",
          "name": "telemetryEnabled",
          "type": "bool"
        }
      ],
      "stateMutability": "view",
      "type": "function"
    },
    {
      "inputs": [],
      "name": "getTotalSessions",
      "outputs": [
        {
          "internalType": "uint256",
          "name": "",
          "type": "uint256"
        }
      ],
      "stateMutability": "view",
      "type": "function"
    },
    {
      "inputs": [],
      "name": "getTotalTelemetryEnabledSessions",
      "outputs": [
        {
          "internalType": "uint256",
          "name": "",
          "type": "uint256"
        }
      ],
      "stateMutability": "view",
      "type": "function"
    },
    {
      "inputs": [],
      "name": "getTotalUploads",
      "outputs": [
        {
          "internalType": "uint256",
          "name": "",
          "type": "uint256"
        }
      ],
      "stateMutability": "view",
      "type": "function"
    },
    {
      "inputs": [
        {
          "internalType": "address",
          "name": "user",
          "type": "address"
        }
      ],
      "name": "getUserSessions",
      "outputs": [
        {
          "internalType": "uint256",
          "name": "",
          "type": "uint256"
        }
      ],
      "stateMutability": "view",
      "type": "function"
    },
    {
      "inputs": [
        {
          "internalType": "address",
          "name": "user",
          "type": "address"
        }
      ],
      "name": "getUserTelemetryEnabledSessions",
      "outputs": [
        {
          "internalType": "uint256",
          "name": "",
          "type": "uint256"
        }
      ],
      "stateMutability": "view",
      "type": "function"
    },
    {
      "inputs": [
        {
          "internalType": "address",
          "name": "user",
          "type": "address"
        }
      ],
      "name": "getUserUploads",
      "outputs": [
        {
          "internalType": "uint256",
          "name": "",
          "type": "uint256"
        }
      ],
      "stateMutability": "view",
      "type": "function"
    },
    {
      "inputs": [
        {
          "internalType": "address",
          "name": "owner",
          "type": "address"
        },
        {
          "internalType": "address",
          "name": "admin",
          "type": "address"
        }
      ],
      "name": "initialize",
      "outputs": [],
      "stateMutability": "nonpayable",
      "type": "function"
    },
    {
      "inputs": [
        {
          "internalType": "string",
          "name": "trainingID",
          "type": "string"
        },
        {
          "internalType": "string",
          "name": "huggingFaceID",
          "type": "string"
        }
      ],
      "name": "isPending",
      "outputs": [
        {
          "internalType": "bool",
          "name": "",
          "type": "bool"
        }
      ],
      "stateMutability": "view",
      "type": "function"
    },
    {
      "inputs": [],
      "name": "proxiableUUID",
      "outputs": [
        {
          "internalType": "bytes32",
          "name": "",
          "type": "bytes32"
        }
      ],
      "stateMutability": "view",
      "type": "function"
    },
    {
      "inputs": [
        {
          "internalType": "string",
          "name": "trainingID",
          "type": "string"
        },
        {
          "internalType": "string",
          "name": "huggingFaceID",
          "type": "string"
        }
      ],
      "name": "rejectHFUpload",
      "outputs": [],
      "stateMutability": "nonpayable",
      "type": "function"
    },
    {
      "inputs": [
        {
          "internalType": "address",
          "name": "user",
          "type": "address"
        },
        {
          "internalType": "string",
          "name": "trainingID",
          "type": "string"
        },
        {
          "internalType": "string",
          "name": "huggingFaceID",
          "type": "string"
        },
        {
          "internalType": "uint256",
          "name": "numSessions",
          "type": "uint256"
        },
        {
          "internalType": "bool",
          "name": "telemetryEnabled",
          "type": "bool"
        }
      ],
      "name": "submitHFUpload",
      "outputs": [],
      "stateMutability": "nonpayable",
      "type": "function"
    },
    {
      "inputs": [
        {
          "internalType": "address",
          "name": "newImplementation",
          "type": "address"
        },
        {
          "internalType": "bytes",
          "name": "data",
          "type": "bytes"
        }
      ],
      "name": "upgradeToAndCall",
      "outputs": [],
      "stateMutability": "payable",
      "type": "function"
    },
    {
      "inputs": [
        {
          "internalType": "string",
          "name": "trainingID",
          "type": "string"
        },
        {
          "internalType": "string",
          "name": "huggingFaceID",
          "type": "string"
        }
      ],
      "name": "verifyHFUpload",
      "outputs": [],
      "stateMutability": "nonpayable",
      "type": "function"
    }
  ]